<?xml version="1.0" encoding="UTF-8"?>
<document type="com.apple.InterfaceBuilder3.CocoaTouch.Storyboard.XIB" version="3.0" toolsVersion="13771" targetRuntime="iOS.CocoaTouch" propertyAccessControl="none" useAutolayout="YES" useTraitCollections="YES" useSafeAreas="YES" colorMatched="YES" initialViewController="BYZ-38-t0r">
    <device id="retina4_7" orientation="portrait">
        <adaptation id="fullscreen"/>
    </device>
    <dependencies>
        <deployment identifier="iOS"/>
        <plugIn identifier="com.apple.InterfaceBuilder.IBCocoaTouchPlugin" version="13772"/>
        <capability name="Constraints to layout margins" minToolsVersion="6.0"/>
        <capability name="Safe area layout guides" minToolsVersion="9.0"/>
        <capability name="documents saved in the Xcode 8 format" minToolsVersion="8.0"/>
    </dependencies>
    <scenes>
        <!--Main Courses Page-->
        <scene sceneID="tne-QT-ifu">
            <objects>
                <viewController id="BYZ-38-t0r" userLabel="Main Courses Page" customClass="MainCoursesViewController" customModule="PlanX_CoursesTab" customModuleProvider="target" sceneMemberID="viewController">
                    <view key="view" contentMode="scaleToFill" id="8bC-Xf-vdC">
                        <rect key="frame" x="0.0" y="0.0" width="375" height="667"/>
                        <autoresizingMask key="autoresizingMask" widthSizable="YES" heightSizable="YES"/>
                        <subviews>
                            <imageView userInteractionEnabled="NO" contentMode="scaleToFill" horizontalHuggingPriority="251" verticalHuggingPriority="251" image="Background Color" translatesAutoresizingMaskIntoConstraints="NO" id="mB9-3f-fi2">
                                <rect key="frame" x="0.0" y="0.0" width="375" height="667"/>
                            </imageView>
                            <stackView opaque="NO" contentMode="scaleToFill" axis="vertical" alignment="center" spacing="15" translatesAutoresizingMaskIntoConstraints="NO" id="EIf-4g-LYS" userLabel="Main Stack View">
                                <rect key="frame" x="0.0" y="20" width="375" height="647"/>
                                <subviews>
                                    <stackView opaque="NO" contentMode="scaleToFill" translatesAutoresizingMaskIntoConstraints="NO" id="qh2-Fi-hmX" userLabel="Label&amp;Button Stack View">
                                        <rect key="frame" x="15" y="0.0" width="345" height="35"/>
                                        <subviews>
                                            <label opaque="NO" userInteractionEnabled="NO" contentMode="left" horizontalHuggingPriority="251" verticalHuggingPriority="251" text="Courses" lineBreakMode="tailTruncation" baselineAdjustment="alignBaselines" adjustsFontSizeToFit="NO" translatesAutoresizingMaskIntoConstraints="NO" id="26i-L9-66B">
                                                <rect key="frame" x="0.0" y="0.0" width="310" height="35"/>
                                                <fontDescription key="fontDescription" type="system" weight="semibold" pointSize="30"/>
                                                <color key="textColor" white="1" alpha="1" colorSpace="calibratedWhite"/>
                                                <nil key="highlightedColor"/>
                                            </label>
                                            <button opaque="NO" contentMode="scaleToFill" horizontalCompressionResistancePriority="749" contentHorizontalAlignment="center" contentVerticalAlignment="center" lineBreakMode="middleTruncation" translatesAutoresizingMaskIntoConstraints="NO" id="vTI-6c-Ksu">
                                                <rect key="frame" x="310" y="0.0" width="35" height="35"/>
                                                <constraints>
                                                    <constraint firstAttribute="width" constant="35" id="eBm-ZO-L8X"/>
                                                    <constraint firstAttribute="height" constant="35" id="gcZ-36-9SX"/>
                                                </constraints>
                                                <state key="normal" title="Button" image="circle_lol"/>
                                                <connections>
                                                    <segue destination="xPd-U0-I6e" kind="presentation" modalTransitionStyle="coverVertical" id="1td-KK-TVs"/>
                                                </connections>
                                            </button>
                                        </subviews>
                                        <constraints>
                                            <constraint firstAttribute="trailingMargin" secondItem="vTI-6c-Ksu" secondAttribute="trailing" constant="20" id="VST-ZI-vEs"/>
                                        </constraints>
                                    </stackView>
                                    <tableView clipsSubviews="YES" contentMode="scaleToFill" alwaysBounceVertical="YES" dataMode="prototypes" style="plain" separatorStyle="default" rowHeight="-1" estimatedRowHeight="-1" sectionHeaderHeight="28" sectionFooterHeight="28" translatesAutoresizingMaskIntoConstraints="NO" id="V9v-e5-r1J">
                                        <rect key="frame" x="15" y="50" width="345" height="597"/>
                                        <color key="backgroundColor" white="1" alpha="1" colorSpace="calibratedWhite"/>
                                        <prototypes>
                                            <tableViewCell clipsSubviews="YES" contentMode="scaleToFill" insetsLayoutMarginsFromSafeArea="NO" selectionStyle="blue" hidesAccessoryWhenEditing="NO" indentationLevel="1" indentationWidth="0.0" reuseIdentifier="prototypeCell" id="W5v-UL-ReO">
                                                <rect key="frame" x="0.0" y="28" width="345" height="44"/>
                                                <autoresizingMask key="autoresizingMask"/>
                                                <tableViewCellContentView key="contentView" opaque="NO" clipsSubviews="YES" multipleTouchEnabled="YES" contentMode="center" insetsLayoutMarginsFromSafeArea="NO" tableViewCell="W5v-UL-ReO" id="mIn-r0-x3x">
                                                    <rect key="frame" x="0.0" y="0.0" width="345" height="43.5"/>
                                                    <autoresizingMask key="autoresizingMask"/>
                                                </tableViewCellContentView>
                                            </tableViewCell>
                                        </prototypes>
                                        <connections>
                                            <outlet property="dataSource" destination="BYZ-38-t0r" id="hED-nx-aRu"/>
                                            <outlet property="delegate" destination="BYZ-38-t0r" id="APp-go-NgR"/>
                                        </connections>
                                    </tableView>
                                </subviews>
                                <constraints>
                                    <constraint firstAttribute="trailing" secondItem="V9v-e5-r1J" secondAttribute="trailing" constant="15" id="Oya-ZR-bsN"/>
                                    <constraint firstAttribute="trailing" secondItem="qh2-Fi-hmX" secondAttribute="trailing" id="UUj-0E-p4O"/>
                                    <constraint firstItem="V9v-e5-r1J" firstAttribute="leading" secondItem="EIf-4g-LYS" secondAttribute="leading" constant="15" id="aMM-wU-NG7"/>
                                    <constraint firstAttribute="bottomMargin" secondItem="V9v-e5-r1J" secondAttribute="bottom" id="arS-wQ-fPB"/>
                                    <constraint firstItem="qh2-Fi-hmX" firstAttribute="leading" secondItem="EIf-4g-LYS" secondAttribute="leading" constant="15" id="bjX-p4-ktk"/>
                                </constraints>
                            </stackView>
                        </subviews>
                        <color key="backgroundColor" red="1" green="1" blue="1" alpha="1" colorSpace="custom" customColorSpace="sRGB"/>
                        <constraints>
                            <constraint firstItem="6Tk-OE-BBY" firstAttribute="bottom" secondItem="EIf-4g-LYS" secondAttribute="bottom" id="0Dq-pU-pF8"/>
                            <constraint firstItem="EIf-4g-LYS" firstAttribute="top" secondItem="6Tk-OE-BBY" secondAttribute="top" id="9Q0-05-1Ba"/>
                            <constraint firstItem="mB9-3f-fi2" firstAttribute="top" secondItem="8bC-Xf-vdC" secondAttribute="top" id="BHS-pf-ue2"/>
                            <constraint firstAttribute="trailing" secondItem="mB9-3f-fi2" secondAttribute="trailing" id="Dwx-9V-UVh"/>
                            <constraint firstItem="mB9-3f-fi2" firstAttribute="leading" secondItem="8bC-Xf-vdC" secondAttribute="leading" id="Y4D-Cl-ngW"/>
                            <constraint firstItem="6Tk-OE-BBY" firstAttribute="trailing" secondItem="EIf-4g-LYS" secondAttribute="trailing" id="iyx-2p-9JM"/>
                            <constraint firstAttribute="bottom" secondItem="mB9-3f-fi2" secondAttribute="bottom" id="kSf-ao-Pen"/>
                            <constraint firstItem="EIf-4g-LYS" firstAttribute="leading" secondItem="6Tk-OE-BBY" secondAttribute="leading" id="v4A-l2-hBM"/>
                        </constraints>
                        <viewLayoutGuide key="safeArea" id="6Tk-OE-BBY"/>
                    </view>
                    <connections>
                        <outlet property="coursesTableView" destination="V9v-e5-r1J" id="WIC-bu-9EX"/>
                    </connections>
                </viewController>
                <placeholder placeholderIdentifier="IBFirstResponder" id="dkx-z0-nzr" sceneMemberID="firstResponder"/>
            </objects>
            <point key="canvasLocation" x="68" y="37.331334332833585"/>
        </scene>
        <!--View a Course-->
        <scene sceneID="cxa-DX-4r7">
            <objects>
                <viewController id="Bks-TL-Zbf" userLabel="View a Course" sceneMemberID="viewController">
                    <view key="view" contentMode="scaleToFill" id="kuW-my-OHe">
                        <rect key="frame" x="0.0" y="0.0" width="375" height="667"/>
                        <autoresizingMask key="autoresizingMask" widthSizable="YES" heightSizable="YES"/>
                        <subviews>
                            <imageView userInteractionEnabled="NO" contentMode="scaleToFill" horizontalHuggingPriority="251" verticalHuggingPriority="251" image="Background Color" translatesAutoresizingMaskIntoConstraints="NO" id="bna-pk-4CE">
                                <rect key="frame" x="0.0" y="0.0" width="375" height="667"/>
                            </imageView>
                        </subviews>
                        <color key="backgroundColor" white="1" alpha="1" colorSpace="calibratedWhite"/>
                        <constraints>
                            <constraint firstAttribute="trailing" secondItem="bna-pk-4CE" secondAttribute="trailing" id="E6A-rN-dLW"/>
                            <constraint firstAttribute="bottom" secondItem="bna-pk-4CE" secondAttribute="bottom" id="R34-0j-K7A"/>
                            <constraint firstItem="bna-pk-4CE" firstAttribute="leading" secondItem="kuW-my-OHe" secondAttribute="leading" id="cfY-zE-Ck9"/>
                            <constraint firstItem="bna-pk-4CE" firstAttribute="top" secondItem="kuW-my-OHe" secondAttribute="top" id="oF7-7h-QAw"/>
                        </constraints>
                        <viewLayoutGuide key="safeArea" id="ltr-V1-I8g"/>
                    </view>
                </viewController>
                <placeholder placeholderIdentifier="IBFirstResponder" id="E39-Wb-SZB" userLabel="First Responder" sceneMemberID="firstResponder"/>
            </objects>
            <point key="canvasLocation" x="68" y="733"/>
        </scene>
        <!--Edit a Course-->
        <scene sceneID="ERM-Ij-lVB">
            <objects>
                <viewController id="XzJ-dd-XgB" userLabel="Edit a Course" sceneMemberID="viewController">
                    <view key="view" contentMode="scaleToFill" id="RtA-2I-4wQ">
                        <rect key="frame" x="0.0" y="0.0" width="375" height="667"/>
                        <autoresizingMask key="autoresizingMask" widthSizable="YES" heightSizable="YES"/>
                        <subviews>
                            <imageView userInteractionEnabled="NO" contentMode="scaleToFill" horizontalHuggingPriority="251" verticalHuggingPriority="251" image="Background Color" translatesAutoresizingMaskIntoConstraints="NO" id="OW8-68-NnF">
                                <rect key="frame" x="0.0" y="0.0" width="375" height="667"/>
                            </imageView>
                        </subviews>
                        <color key="backgroundColor" white="1" alpha="1" colorSpace="calibratedWhite"/>
                        <constraints>
                            <constraint firstItem="OW8-68-NnF" firstAttribute="leading" secondItem="RtA-2I-4wQ" secondAttribute="leading" id="Bi2-DB-xNb"/>
                            <constraint firstAttribute="trailing" secondItem="OW8-68-NnF" secondAttribute="trailing" id="CEY-bp-kcG"/>
                            <constraint firstItem="OW8-68-NnF" firstAttribute="top" secondItem="RtA-2I-4wQ" secondAttribute="top" id="QBd-Xx-nNB"/>
                            <constraint firstAttribute="bottom" secondItem="OW8-68-NnF" secondAttribute="bottom" id="ko5-6W-si5"/>
                        </constraints>
                        <viewLayoutGuide key="safeArea" id="IMh-sw-HMn"/>
                    </view>
                </viewController>
                <placeholder placeholderIdentifier="IBFirstResponder" id="H1g-7f-6JF" userLabel="First Responder" sceneMemberID="firstResponder"/>
            </objects>
            <point key="canvasLocation" x="806" y="733"/>
        </scene>
        <!--Add a Course-->
        <scene sceneID="tSs-87-SYj">
            <objects>
                <viewController id="xPd-U0-I6e" userLabel="Add a Course" customClass="AddCourseViewController" customModule="PlanX_CoursesTab" customModuleProvider="target" sceneMemberID="viewController">
                    <view key="view" contentMode="scaleToFill" id="L3H-xR-JdH">
                        <rect key="frame" x="0.0" y="0.0" width="375" height="667"/>
                        <autoresizingMask key="autoresizingMask" widthSizable="YES" heightSizable="YES"/>
                        <subviews>
                            <imageView userInteractionEnabled="NO" contentMode="scaleToFill" horizontalHuggingPriority="251" verticalHuggingPriority="251" image="Background Color" translatesAutoresizingMaskIntoConstraints="NO" id="vCp-0p-ssb">
                                <rect key="frame" x="0.0" y="0.0" width="274" height="667"/>
                            </imageView>
                            <button opaque="NO" contentMode="scaleToFill" contentHorizontalAlignment="left" contentVerticalAlignment="center" buttonType="roundedRect" lineBreakMode="middleTruncation" translatesAutoresizingMaskIntoConstraints="NO" id="LEC-yO-vH1">
                                <rect key="frame" x="10" y="20" width="264" height="40"/>
                                <constraints>
                                    <constraint firstAttribute="width" constant="170" id="1Dc-xe-rvQ"/>
                                    <constraint firstAttribute="height" constant="40" id="6ku-z4-Dz5"/>
                                </constraints>
                                <fontDescription key="fontDescription" type="system" weight="semibold" pointSize="30"/>
                                <inset key="titleEdgeInsets" minX="10" minY="0.0" maxX="0.0" maxY="0.0"/>
                                <state key="normal" title="&lt; Courses">
                                    <color key="titleColor" white="1" alpha="1" colorSpace="calibratedWhite"/>
                                </state>
                                <connections>
                                    <segue destination="BYZ-38-t0r" kind="presentation" modalTransitionStyle="coverVertical" id="nDM-vK-LDL"/>
                                </connections>
                            </button>
                            <label opaque="NO" userInteractionEnabled="NO" contentMode="left" horizontalHuggingPriority="251" verticalHuggingPriority="251" text="Course Name" textAlignment="natural" lineBreakMode="tailTruncation" baselineAdjustment="alignBaselines" adjustsFontSizeToFit="NO" translatesAutoresizingMaskIntoConstraints="NO" id="yIe-71-VHW">
                                <rect key="frame" x="45" y="78" width="119" height="24"/>
                                <fontDescription key="fontDescription" type="system" pointSize="20"/>
                                <color key="textColor" white="1" alpha="1" colorSpace="calibratedWhite"/>
                                <nil key="highlightedColor"/>
                            </label>
                            <button opaque="NO" contentMode="scaleToFill" contentHorizontalAlignment="center" contentVerticalAlignment="center" buttonType="roundedRect" lineBreakMode="middleTruncation" translatesAutoresizingMaskIntoConstraints="NO" id="FAZ-t9-N2b">
                                <rect key="frame" x="40" y="559" width="194" height="48"/>
                                <color key="backgroundColor" red="0.43671047687530518" green="0.61865246295928955" blue="0.70240181684494019" alpha="1" colorSpace="custom" customColorSpace="sRGB"/>
                                <constraints>
                                    <constraint firstAttribute="width" constant="194" id="VkB-Gu-3fE"/>
                                    <constraint firstAttribute="height" constant="48" id="dI1-ld-Len"/>
                                </constraints>
                                <fontDescription key="fontDescription" type="system" weight="medium" pointSize="30"/>
                                <state key="normal" title="Add Course">
                                    <color key="titleColor" white="1" alpha="1" colorSpace="calibratedWhite"/>
                                </state>
                            </button>
                            <textField opaque="NO" contentMode="scaleToFill" contentHorizontalAlignment="left" contentVerticalAlignment="center" borderStyle="roundedRect" textAlignment="natural" minimumFontSize="17" translatesAutoresizingMaskIntoConstraints="NO" id="UDY-co-Znc">
                                <rect key="frame" x="40" y="110" width="194" height="30"/>
                                <constraints>
                                    <constraint firstAttribute="width" constant="194" id="Gik-zk-rvf"/>
                                </constraints>
                                <nil key="textColor"/>
                                <fontDescription key="fontDescription" type="system" pointSize="14"/>
                                <textInputTraits key="textInputTraits"/>
                            </textField>
                        </subviews>
                        <color key="backgroundColor" white="1" alpha="1" colorSpace="calibratedWhite"/>
                        <constraints>
                            <constraint firstItem="yIe-71-VHW" firstAttribute="leading" secondItem="UuH-dL-nK2" secondAttribute="leading" constant="45" id="6EX-xd-QyG"/>
                            <constraint firstItem="UuH-dL-nK2" firstAttribute="trailing" secondItem="FAZ-t9-N2b" secondAttribute="trailing" constant="40" id="BWi-WF-nOR"/>
                            <constraint firstItem="UDY-co-Znc" firstAttribute="top" secondItem="yIe-71-VHW" secondAttribute="bottom" constant="8" id="E6O-rD-q9S"/>
                            <constraint firstItem="UuH-dL-nK2" firstAttribute="bottom" secondItem="FAZ-t9-N2b" secondAttribute="bottom" constant="60" id="Faf-8e-asu"/>
                            <constraint firstItem="LEC-yO-vH1" firstAttribute="top" secondItem="UuH-dL-nK2" secondAttribute="top" id="HIP-JH-2K0"/>
                            <constraint firstItem="UuH-dL-nK2" firstAttribute="trailing" secondItem="UDY-co-Znc" secondAttribute="trailing" constant="40" id="KaF-Cp-UTK"/>
                            <constraint firstItem="LEC-yO-vH1" firstAttribute="trailing" secondItem="UuH-dL-nK2" secondAttribute="trailing" id="PuQ-E9-z7I"/>
                            <constraint firstAttribute="trailing" secondItem="vCp-0p-ssb" secondAttribute="trailing" id="UnL-EL-t6s"/>
                            <constraint firstAttribute="bottom" secondItem="vCp-0p-ssb" secondAttribute="bottom" id="aOl-s1-2DJ"/>
                            <constraint firstItem="FAZ-t9-N2b" firstAttribute="leading" secondItem="UuH-dL-nK2" secondAttribute="leading" constant="40" id="fib-V6-r93"/>
                            <constraint firstItem="UDY-co-Znc" firstAttribute="leading" secondItem="UuH-dL-nK2" secondAttribute="leading" constant="40" id="j8i-dc-8RS"/>
                            <constraint firstItem="UDY-co-Znc" firstAttribute="top" secondItem="LEC-yO-vH1" secondAttribute="bottom" constant="50" id="nqA-FB-rij"/>
                            <constraint firstItem="vCp-0p-ssb" firstAttribute="top" secondItem="L3H-xR-JdH" secondAttribute="top" id="p2n-mc-NzG"/>
                            <constraint firstItem="LEC-yO-vH1" firstAttribute="leading" secondItem="UuH-dL-nK2" secondAttribute="leading" constant="10" id="sPF-An-Q3v"/>
                            <constraint firstItem="vCp-0p-ssb" firstAttribute="leading" secondItem="L3H-xR-JdH" secondAttribute="leading" id="wSW-BN-SCl"/>
                        </constraints>
                        <viewLayoutGuide key="safeArea" id="UuH-dL-nK2"/>
                    </view>
                    <connections>
                        <outlet property="addCourseButton" destination="FAZ-t9-N2b" id="z0o-o2-2Lw"/>
                    </connections>
                </viewController>
                <placeholder placeholderIdentifier="IBFirstResponder" id="pzo-9Y-iZs" userLabel="First Responder" sceneMemberID="firstResponder"/>
            </objects>
            <point key="canvasLocation" x="805.60000000000002" y="36.431784107946029"/>
        </scene>
    </scenes>
    <resources>
        <image name="Background Color" width="606" height="908"/>
        <image name="circle_lol" width="325" height="326"/>
    </resources>
</document>
